,name,category,address,score,eval_cnt,review_cnt
0,루엘드파리,"제과,베이커리",(지번) 서초동 1445-13,3.9,72건,리뷰 267
1,봉산옥 서초동본점,국수,(지번) 서초3동 1451-9,3.7,79건,리뷰 146
2,장꼬방,"찌개,전골",(지번) 서초동 1438-8,3.2,299건,리뷰 124
3,해담채 남부터미널점,"해물,생선",(지번) 서초동 1600-9,3.1,10건,리뷰 47
4,카페로비,디저트카페,(지번) 서초동 1564-4,3.9,15건,리뷰 126
5,감격시대,"육류,고기",(지번) 서초동 1579-4,2.9,22건,리뷰 135
6,사람사는 고깃집 김일도 서초점,"육류,고기",(지번) 서초동 1594-3,3.9,8건,리뷰 105
7,아이비스타 서초점,뷔페,(지번) 서초동 1451-34,3.4,8건,리뷰 47
8,하오차이,중화요리,(지번) 서초동 1459-8,3.4,29건,리뷰 66
9,우작설렁탕,설렁탕,(지번) 서초동 1621-5,3.7,106건,리뷰 57
10,그림나베 남부터미널점,일식,(지번) 서초동 1603-1,3.7,21건,리뷰 81
11,진대감 서초점,"육류,고기",(지번) 서초동 1594-3,4.5,2건,리뷰 29
12,요요마의키친,이탈리안,(지번) 서초동 1451-38,3.4,36건,리뷰 274
13,레몬그라스타이,태국음식,(지번) 서초동 1442-9,4.0,6건,리뷰 68
14,레프레미스,"제과,베이커리",(지번) 서초동 1430-1,4.1,48건,리뷰 93
15,루엘드파리,"제과,베이커리",(지번) 서초동 1445-13,3.9,72건,리뷰 267
16,봉산옥 서초동본점,국수,(지번) 서초3동 1451-9,3.7,79건,리뷰 146
17,장꼬방,"찌개,전골",(지번) 서초동 1438-8,3.2,299건,리뷰 124
18,해담채 남부터미널점,"해물,생선",(지번) 서초동 1600-9,3.1,10건,리뷰 47
19,카페로비,디저트카페,(지번) 서초동 1564-4,3.9,15건,리뷰 126
20,감격시대,"육류,고기",(지번) 서초동 1579-4,2.9,22건,리뷰 135
21,사람사는 고깃집 김일도 서초점,"육류,고기",(지번) 서초동 1594-3,3.9,8건,리뷰 105
22,아이비스타 서초점,뷔페,(지번) 서초동 1451-34,3.4,8건,리뷰 47
23,하오차이,중화요리,(지번) 서초동 1459-8,3.4,29건,리뷰 66
24,우작설렁탕,설렁탕,(지번) 서초동 1621-5,3.7,106건,리뷰 57
25,그림나베 남부터미널점,일식,(지번) 서초동 1603-1,3.7,21건,리뷰 81
26,진대감 서초점,"육류,고기",(지번) 서초동 1594-3,4.5,2건,리뷰 29
27,요요마의키친,이탈리안,(지번) 서초동 1451-38,3.4,36건,리뷰 274
28,레몬그라스타이,태국음식,(지번) 서초동 1442-9,4.0,6건,리뷰 68
29,레프레미스,"제과,베이커리",(지번) 서초동 1430-1,4.1,48건,리뷰 93
30,선궁,중화요리,(지번) 서초동 1451-34,3.9,20건,리뷰 36
31,곰포차,실내포장마차,(지번) 서초동 1459-9,3.1,13건,리뷰 62
32,노브랜드버거 남부터미널점,햄버거,(지번) 서초동 1446-1,4.0,5건,리뷰 32
33,도담,"떡,한과",(지번) 서초동 1604-6,3.8,10건,리뷰 25
34,더브레드블루 서초점,"제과,베이커리",(지번) 서초동 1622-6,4.1,8건,리뷰 51
35,ttt커피 비씨카드점,카페,(지번) 서초동 1587,2.0,4건,리뷰 41
36,부일갈비 본점,갈비,(지번) 서초동 1427-6,4.3,7건,리뷰 52
37,우면산버드나무집,"육류,고기",(지번) 서초동 1425-13,3.4,35건,리뷰 8
38,송가옥,"육류,고기",(지번) 서초동 1564-7,4.6,7건,리뷰 15
39,천지궁 서초점,중화요리,(지번) 서초동 1589-8,3.5,28건,리뷰 23
40,마구로센 남부터미널점,참치회,(지번) 서초동 1588-2,3.3,9건,리뷰 37
41,늘푸름홍천한우 서초점,"육류,고기",(지번) 서초동 1595-8,3.7,4건,리뷰 75
42,뱅스시,"초밥,롤",(지번) 서초동 1458-6,4.4,12건,리뷰 71
43,든든한우가,"육류,고기",(지번) 서초동 1591-9,4.1,8건,리뷰 88
44,굴뚝집 남부터미널점,"육류,고기",(지번) 서초동 1589-13,3.6,8건,리뷰 115
45,스시환,"초밥,롤",(지번) 서초동 1603-20,2.8,22건,리뷰 39
46,레트로카페트레이더,테마카페,(지번) 서초동 1443-5,3.6,9건,리뷰 33
47,흑돼지삼백식당 서초점,"육류,고기",(지번) 서초동 1588-3,2.9,9건,리뷰 57
48,서초명가 서초본점,"해물,생선",(지번) 서초동 1601-1,4.5,4건,리뷰 41
49,만다린,중화요리,(지번) 서초동 1431-9,3.4,8건,리뷰 91
50,나주곰탕 서초본점,곰탕,(지번) 서초동 1585-18,3.6,43건,리뷰 34
51,강촌식당 서초점,닭요리,(지번) 서초동 1443-4,3.4,5건,리뷰 51
52,매드포갈릭 예술의전당점,패밀리레스토랑,(지번) 서초동 1451-34,3.5,25건,리뷰 57
53,705사케집 교대점,일본식주점,(지번) 서초동 1597-1,3.0,4건,리뷰 26
54,스시36.5,"초밥,롤",(지번) 서초동 1603-69,5.0,7건,리뷰 34
55,생활맥주 남부터미널점,"호프,요리주점",(지번) 서초동 1588-8,4.0,5건,리뷰 15
56,스타벅스 남부터미널2점,커피전문점,(지번) 서초동 1457-1,3.6,5건,리뷰 7
57,함평한우정육식당 서초본점,"육류,고기",(지번) 서초동 1595-6,3.5,4건,리뷰 5
58,정순화청국장 서초본점,한식,(지번) 서초동 1438-18,4.6,5건,리뷰 8
59,P268,카페,(지번) 서초동 1624-14,1.8,4건,리뷰 36
60,소울버킷,햄버거,(지번) 서초동 1578-4,4.6,12건,리뷰 49
61,스타벅스 남부터미널점,커피전문점,(지번) 서초동 1445-4,3.5,16건,리뷰 6
62,조선화로집 교대점,"육류,고기",(지번) 서초동 1579-6,5.0,1건,리뷰 5
63,미토요,"돈까스,우동",(지번) 서초동 1602-1,3.3,4건,리뷰 43
64,호주,일본식주점,(지번) 서초동 1600-4,4.3,4건,리뷰 20
65,스타벅스 서울교대점,커피전문점,(지번) 서초동 1623-1,2.6,13건,리뷰 9
66,더진미평냉,냉면,(지번) 서초동 1623-3,4.5,14건,리뷰 11
67,타지 서초점,인도음식,(지번) 서초동 1444-21,3.7,26건,리뷰 22
68,해담 서초본점,회,(지번) 서초동 1578-5,1.9,13건,리뷰 4
69,KFC 서초동점,패스트푸드,(지번) 서초동 1602-3,2.4,20건,리뷰 8
70,김봉남포장마차 남부터미널점,실내포장마차,(지번) 서초동 1586-2,4.7,6건,리뷰 26
71,백년불고기물갈비 서초점,"불고기,두루치기",(지번) 서초동 1601-2,4.6,5건,리뷰 26
72,롯데리아 남부터미널점,패스트푸드,(지번) 서초동 1602-10,2.0,21건,리뷰 8
73,진미일식,일식,(지번) 서초동 1443-27,5.0,3건,리뷰 12
74,오늘와인한잔 남부터미널역점,와인바,(지번) 서초동 1446-11,4.0,2건,리뷰 17
75,신선설농탕 서초점,설렁탕,(지번) 서초동 1443-8,3.4,15건,리뷰 6
76,에머이 남부터미널점,베트남음식,(지번) 서초동 1445-4,2.9,16건,리뷰 185
77,찜통 남부터미널점,"육류,고기",(지번) 서초동 1457-2,2.8,38건,리뷰 32
78,티안,카페,(지번) 서초동 1629-20,4.3,3건,리뷰 26
79,스타벅스 서초동점,커피전문점,(지번) 서초동 1439-14,4.0,8건,리뷰 1
80,BHC치킨 서초교대점,치킨,(지번) 서초동 1627-5,4.3,4건,리뷰 2
81,예술상회,한식,(지번) 서초동 1457-4,5.0,4건,리뷰 35
82,바나프레소 남부터미널점,카페,(지번) 서초동 1603-15,2.8,4건,리뷰 10
83,오우치,"육류,고기",(지번) 서초동 1458-4,5.0,7건,리뷰 20
84,북창동순두부 서초점,두부전문점,(지번) 서초동 1443-11,2.4,5건,리뷰 14
85,예향,한식,(지번) 서초동 1621-6,0.0,1건,리뷰 4
86,칭하이,중화요리,(지번) 서초동 1443-25,2.3,9건,리뷰 25
87,엘마론,카페,(지번) 서초동 1600-4,4.2,11건,리뷰 8
88,수미관,한정식,(지번) 서초동 1427-5,4.3,3건,리뷰 21
89,동수원갈비 서초본점,갈비,(지번) 서초동 1601-1,2.7,3건,리뷰 3
90,아이언쉐프,"스테이크,립",(지번) 서초동 1624-4,4.7,7건,리뷰 28
91,부산아지매국밥 BC카드점,국밥,(지번) 서초동 1458-3,2.9,9건,리뷰 12
92,서강쇠떡볶이 남부터미널점,떡볶이,(지번) 서초동 1459-9,3.3,4건,리뷰 7
93,탐앤탐스 남부터미널역점,커피전문점,(지번) 서초동 1457-2,1.9,10건,리뷰 4
94,W23 서초점,와인바,(지번) 서초동 1604-20,3.0,5건,리뷰 11
95,도라스시,일식집,(지번) 서초동 1444-14,4.0,2건,리뷰 22
96,서초아구해물찜탕,아구,(지번) 서초동 1588-8,4.6,10건,리뷰 11
97,우리수산,회,(지번) 서초동 1606-5,4.0,4건,리뷰 88
98,진오돌뼈 교대점,"육류,고기",(지번) 서초동 1596-6,4.1,14건,리뷰 12
99,배수경양재정육식당,"육류,고기",(지번) 서초동 1439-1,3.0,2건,리뷰 2
100,놀숲 교대점,만화카페,(지번) 서초동 1624-2,4.7,3건,리뷰 6
101,동대문엽기떡볶이 교대점,떡볶이,(지번) 서초동 1578-4,2.3,10건,리뷰 15
102,황궁,중화요리,(지번) 서초동 1601-1,2.8,10건,리뷰 9
103,할리스커피 남부터미널점,커피전문점,(지번) 서초동 1623-10,4.0,5건,리뷰 4
104,가온매운갈비찜,갈비,(지번) 서초동 1579-1,4.3,27건,리뷰 31
105,교촌치킨 서초3호점,치킨,(지번) 서초동 1579-5,2.9,12건,리뷰 6
106,본죽 남부터미널점,죽,(지번) 서초동 1603-67,2.0,14건,리뷰 4
107,배스킨라빈스 남부터미널역점,아이스크림,(지번) 서초동 1458-6,4.0,2건,리뷰 4
108,카페설리번 서초점,카페,(지번) 서초동 1606-3,3.0,5건,리뷰 16
109,삼학도,회,(지번) 서초동 1603-66,3.5,12건,리뷰 2
110,스시마카세,"초밥,롤",(지번) 서초동 1603-1,3.8,10건,리뷰 5
111,크리스피크림도넛 남부터미널점,도넛,(지번) 서초동 1446-1,0.0,0건,리뷰 3
112,전주 콩뿌리콩나물국밥,국밥,(지번) 서초동 1589-13,2.3,5건,리뷰 13
113,깐부치킨 남부터미널점,치킨,(지번) 서초동 1603-2,2.8,21건,리뷰 8
114,바른치킨 남부터미널점,치킨,(지번) 서초동 1458-6,4.2,20건,리뷰 28
115,허수아비 남부터미널점,"돈까스,우동",(지번) 서초동 1603-69,3.2,16건,리뷰 10
116,바르다김선생 남부터미널점,분식,(지번) 서초동 1599-2,2.3,9건,리뷰 11
117,전주콩나루 콩나물국밥,국밥,(지번) 서초동 1602-5,3.7,3건,리뷰 6
118,삼보부대고기,"찌개,전골",(지번) 서초1동 1443-27,4.1,22건,리뷰 16
119,초막집 서초본점,"육류,고기",(지번) 서초동 1624-2,3.0,7건,리뷰 5
120,카툰바이커피 서초본점,만화카페,(지번) 서초동 1593-7,5.0,3건,리뷰 17
121,쏘옥,"제과,베이커리",(지번) 서초동 1625-10,4.6,8건,리뷰 13
122,홍루몽,중식,(지번) 서초동 1586-2,4.7,6건,리뷰 4
123,파리바게뜨 남부터미널점,"제과,베이커리",(지번) 서초동 1602-1,3.0,9건,리뷰 1
124,팔당반점 서초직영점,중화요리,(지번) 서초동 1425-15,3.5,4건,리뷰 7
125,까페라리 서초점,커피전문점,(지번) 서초동 1444-20,4.2,10건,리뷰 17
126,육대장 남부터미널점,국밥,(지번) 서초동 1589-12,3.3,4건,리뷰 10
127,금화왕돈까스 남부터미널점,"돈까스,우동",(지번) 서초동 1445-4,1.6,7건,리뷰 4
128,이디야커피 남부터미널점,커피전문점,(지번) 서초동 1444-2,2.3,3건,리뷰 2
129,설빙 남부터미널점,디저트카페,(지번) 서초동 1458-3,1.7,7건,리뷰 5
130,다동 모밀우동오뎅전문,"돈까스,우동",(지번) 서초동 1579-9,2.1,32건,리뷰 10
131,팔도명가산야채순대국 본점,순대,(지번) 서초동 1623-3,3.2,10건,리뷰 3
132,항아리식당,한식,(지번) 서초동 1439-14,5.0,2건,리뷰 1
133,죠스떡볶이 남부터미널점,떡볶이,(지번) 서초동 1599-2,1.8,6건,리뷰 7
134,길초밥,"초밥,롤",(지번) 서초동 1597-2,5.0,2건,리뷰 17
135,백암순대감자탕,순대,(지번) 서초동 1589-5,4.3,4건,리뷰 5
136,국대떡볶이 서초남부점,떡볶이,(지번) 서초동 1443-1,3.4,40건,리뷰 8
137,할리스커피 서초점,커피전문점,(지번) 서초동 1597-1,5.0,3건,리뷰 0
138,크리스피파이,디저트카페,(지번) 서초동 1459-7,5.0,2건,리뷰 17
139,논골집 서초점,"육류,고기",(지번) 서초동 1624-11,3.3,8건,리뷰 8
140,새마을식당 남부터미널점,"육류,고기",(지번) 서초동 1588-6,1.4,12건,리뷰 12
141,류 서초점,일본식주점,(지번) 서초동 1621-9,5.0,1건,리뷰 16
142,커피빈 남부터미널역점,커피전문점,(지번) 서초동 1602-5,3.5,8건,리뷰 1
143,소나기,한식,(지번) 서초동 1443-28,4.0,1건,리뷰 5
144,퀴즈노스서브 남부터미널점,샌드위치,(지번) 서초동 1457-2,1.4,30건,리뷰 11
145,샤브향 서초남부점,동남아음식,(지번) 서초동 1459-8,3.2,6건,리뷰 19
146,카페토다 서초점,카페,(지번) 서초동 1589-1,3.7,3건,리뷰 0
147,우공뭉티기 서초점,"육류,고기",(지번) 서초동 1597-2,1.0,1건,리뷰 36
148,강릉경북회집,회,(지번) 서초3동 1600-1,4.0,2건,리뷰 4
149,해방촌HBC고깃집 남부터미널점,"육류,고기",(지번) 서초동 1621-27,4.6,7건,리뷰 4
150,공차 남부터미널점,카페,(지번) 서초동 1446-1,3.0,3건,리뷰 2
151,함경순대,순대,(지번) 서초동 1585-18,4.1,7건,리뷰 2
152,가마로강정 교대점,닭강정,(지번) 서초동 1626-9,4.0,3건,리뷰 2
153,공차 서초점,카페,(지번) 서초동 1601-1,2.9,8건,리뷰 0
154,밥심이,한식,(지번) 서초동 1459-9,4.2,10건,리뷰 8
155,한신VIP일번지포차,실내포장마차,(지번) 서초동 1439-1,5.0,1건,리뷰 1
156,중국성,중화요리,(지번) 서초동 1606-4,3.0,2건,리뷰 2
157,바바치킨 서초직영점,치킨,(지번) 서초3동 1458-1,0.0,0건,리뷰 2
158,진배족발 서초점,"족발,보쌈",(지번) 서초동 1601-1,0.0,0건,리뷰 2
159,명가교동짬뽕 서초점,중화요리,(지번) 서초동 1599-2,3.0,13건,리뷰 4
160,파스쿠찌 서초점,커피전문점,(지번) 서초동 1623-8,3.0,4건,리뷰 2
161,삼계탕마을 서초점,삼계탕,(지번) 서초1동 1443-3,3.2,6건,리뷰 9
162,셰프의돈까스 남부터미널점,"돈까스,우동",(지번) 서초동 1599-2,4.0,4건,리뷰 10
163,칠번가피자 서초교대점,피자,(지번) 서초동 1442-19,5.0,1건,리뷰 23
164,강남짬뽕,중화요리,(지번) 서초동 1602-10,2.0,9건,리뷰 24
165,리어카포차 서초교대1호점,실내포장마차,(지번) 서초동 1578-5,0.0,0건,리뷰 7
166,큰이모 부대찌개,"찌개,전골",(지번) 서초동 1589-14,5.0,2건,리뷰 7
167,강창구찹쌀진순대 남부터미널점,순대,(지번) 서초동 1443-12,2.6,8건,리뷰 5
168,취홍,중식,(지번) 서초동 1624-2,0.0,0건,리뷰 3
169,페임커피,커피전문점,(지번) 서초동 1627-5,4.7,7건,리뷰 5
170,조가홍닭 남부터미널점,치킨,(지번) 서초동 1601-2,4.4,9건,리뷰 5
171,12바스켓,샌드위치,(지번) 서초동 1445-3,5.0,4건,리뷰 40
172,광시 신흥농장직영점,"육류,고기",(지번) 서초동 1444-2,4.0,3건,리뷰 5
173,브루웍스 남부터미널역점,"호프,요리주점",(지번) 서초동 1588-6,4.0,2건,리뷰 8
174,원할머니보쌈족발 서초점,"족발,보쌈",(지번) 서초동 1589-14,3.0,2건,리뷰 4
175,카페포레스트,카페,(지번) 서초동 1444-1,4.5,2건,리뷰 3
176,군선생 남부터미널점,"해물,생선",(지번) 서초동 1601-1,5.0,1건,리뷰 4
177,양계장집아들,치킨,(지번) 서초동 1603-66,4.0,1건,리뷰 6
178,마담버터플라이,카페,(지번) 서초동 1621-3,3.0,6건,리뷰 10
179,해물솥밥모랑 남부터미널점,"해물,생선",(지번) 서초동 1599-2,3.3,10건,리뷰 8
180,진미정생선구이,"해물,생선",(지번) 서초동 1579-9,3.0,12건,리뷰 5
181,피자스쿨 남부터미널역점,피자,(지번) 서초동 1603-1,4.8,9건,리뷰 2
182,병천순대왕족발,순대,(지번) 서초동 1588-13,3.0,4건,리뷰 4
183,커피829 남부터미널점,커피전문점,,5.0,1건,리뷰 11
184,파파존스 서초점,피자,(지번) 서초동 1443-6,5.0,1건,리뷰 1
185,에슬로우 서초1호점,카페,(지번) 서초동 1588-2,2.6,5건,리뷰 2
186,담소소사골순대육개장 남부터미널점,순대,(지번) 서초동 1601-1,2.9,8건,리뷰 5
187,엔제리너스 남부터미널점,커피전문점,(지번) 서초동 1603-54,5.0,1건,리뷰 1
188,포프롬나드 본점,동남아음식,(지번) 서초동 1427-19,2.8,18건,리뷰 20
189,청해복장어전문점,"해물,생선",(지번) 서초동 1599-11,5.0,2건,리뷰 0
190,통영味鮮,회,(지번) 서초동 1443-24,3.6,6건,리뷰 0
191,최수사,일식집,(지번) 서초동 1443-32,3.0,5건,리뷰 2
192,만리향,중화요리,(지번) 서초동 1444-20,1.0,1건,리뷰 14
193,명동칼국수샤브샤브 서초점,샤브샤브,(지번) 서초동 1601-1,3.8,5건,리뷰 7
194,용궁해물탕,"매운탕,해물탕",(지번) 서초동 1616-6,0.0,0건,리뷰 0
195,산애들,"찌개,전골",(지번) 서초3동 1588-11,4.5,4건,리뷰 4
196,칠갑청국장육회 남부터미널지점,한식,(지번) 서초동 1603-66,3.6,16건,리뷰 9
197,꼬꾸이,치킨,(지번) 서초동 1603-68,3.0,2건,리뷰 4
198,황다방,다방,(지번) 서초동 1603-69,0.0,0건,리뷰 2
199,노랑통닭 남부터미널점,치킨,(지번) 서초동 1603-67,3.0,6건,리뷰 2
200,밀마을칼국수,국수,(지번) 서초동 1451-23,4.5,6건,리뷰 6
201,그릴진 남부터미널역점,"육류,고기",(지번) 서초동 1601-2,0.0,0건,리뷰 3
202,타미하우스 남부터미널점,샌드위치,(지번) 서초동 1425-9,0.0,0건,리뷰 1
203,플라티,카페,(지번) 서초동 1438-9,2.0,1건,리뷰 2
204,미소야 서초점,"돈까스,우동",(지번) 서초동 1458-6,2.3,10건,리뷰 4
205,서울양꼬치,양꼬치,(지번) 서초동 1589-5,3.3,10건,리뷰 8
206,김밥천국 예술의전당점,분식,(지번) 서초동 1458-6,0.0,0건,리뷰 1
207,이베리코,한정식,(지번) 서초동 1432-23,5.0,4건,리뷰 1
208,펀비어킹 남부터미널점,"호프,요리주점",(지번) 서초동 1588-1,0.0,0건,리뷰 1
209,브라운하우스,양식,(지번) 서초동 1442-14,2.0,1건,리뷰 2
210,진심에취하다,일본식주점,(지번) 서초동 1451-63,5.0,1건,리뷰 2
211,통영미선,"해물,생선",(지번) 서초동 1443-24,0.0,0건,리뷰 2
212,미양마늘보쌈집 남부터미널점,"족발,보쌈",(지번) 서초동 1445-4,3.4,9건,리뷰 5
213,송사부수제쌀고로케 남부터미널점,"제과,베이커리",(지번) 서초동 1446-1,3.0,5건,리뷰 70
214,요거프레소 서울교대점,디저트카페,(지번) 서초동 1598-2,3.5,2건,리뷰 2
215,해월양꼬치샤브샤브 서초점,양꼬치,(지번) 서초동 1443-1,3.3,3건,리뷰 8
216,소윤화,중화요리,(지번) 서초동 1451-31,4.5,2건,리뷰 3
217,한솥도시락 국제전자센터옆점,도시락,(지번) 서초동 1443-1,2.0,4건,리뷰 6
218,EU,카페,(지번) 서초동 1459-9,5.0,5건,리뷰 7
219,카페준,카페,(지번) 서초동 1600-9,0.0,0건,리뷰 22
220,오징어나라 서초점,"해물,생선",(지번) 서초동 1589-12,3.3,5건,리뷰 1
221,라이브잼,라이브카페,(지번) 서초동 1595-6,0.0,0건,리뷰 2
222,김밥,분식,(지번) 서초동 1580-6,0.0,0건,리뷰 1
223,참살이청국장,"찌개,전골",(지번) 서초동 1599-11,5.0,2건,리뷰 2
224,더대박치킨 서초점,치킨,(지번) 서초동 1600-7,4.6,8건,리뷰 3
225,오페라빈로스터스 예술의전당점,카페,(지번) 서초동 1449-8,5.0,1건,리뷰 0
226,홍등,중식,(지번) 서초동 1564-2,4.7,3건,리뷰 3
227,송황칼국수,한식,(지번) 서초동 1442-21,4.0,3건,리뷰 3
228,왕떡볶이,떡볶이,(지번) 서초동 1440-1,4.0,4건,리뷰 1
229,파리바게뜨 서초중앙점,"제과,베이커리",(지번) 서초동 1604-18,3.5,6건,리뷰 2
230,한가람,한식뷔페,(지번) 서초동 1598-1,0.0,0건,리뷰 0
231,가마솥감자탕,감자탕,(지번) 서초동 1442-19,4.0,1건,리뷰 0
232,벨라빈스커피 남부터미널점,커피전문점,(지번) 서초동 1601-1,2.3,4건,리뷰 1
233,장어만구이,장어,(지번) 서초동 1579-7,5.0,2건,리뷰 0
234,무봤나촌닭 서초점,치킨,(지번) 서초동 1621-26,0.0,0건,리뷰 0
235,국수명가,국수,(지번) 서초동 1588-13,3.5,2건,리뷰 6
236,충무김밥 서초점,분식,(지번) 서초동 1600-9,4.0,1건,리뷰 0
237,우리김밥,분식,(지번) 서초동 1446-1,4.0,1건,리뷰 1
238,커먼띵스,카페,(지번) 서초동 1432-24,3.0,2건,리뷰 4
239,래빈,닭요리,(지번) 서초동 1603-12,1.8,4건,리뷰 6
240,남도맛집,한정식,(지번) 서초동 1603-69,4.0,5건,리뷰 1
241,포마토,분식,(지번) 서초동 1596-6,2.0,3건,리뷰 1
242,온이유,디저트카페,(지번) 서초동 1600-9,0.0,0건,리뷰 1
243,종로닭한마리부대찌개,닭요리,(지번) 서초동 1580-6,0.0,0건,리뷰 1
244,김밥천국 남부터미널점,분식,(지번) 서초동 1601-1,1.8,5건,리뷰 0
245,쟈니스커피,카페,(지번) 서초동 1619-6,0.0,0건,리뷰 1
246,팔당반점,중식,(지번) 서초동 1425-1,0.0,0건,리뷰 0
247,김가네 남부터미널점,분식,(지번) 서초동 1588-6,3.0,3건,리뷰 3
248,우래기사식당,기사식당,(지번) 서초동 1606-5,2.0,2건,리뷰 1
249,완산골명가 남부터미널점,국밥,(지번) 서초동 1441-1,0.0,0건,리뷰 1
250,동호숯불바베큐호프,"호프,요리주점",(지번) 서초동 1603-69,4.5,2건,리뷰 7
251,서초동고기집,"육류,고기",(지번) 서초동 1442-11,5.0,1건,리뷰 4
252,미에뜨케이크,"제과,베이커리",(지번) 서초동 1619-6,4.8,4건,리뷰 3
253,옛다원 서초점,카페,(지번) 서초동 1602-8,4.0,2건,리뷰 4
254,락가,일본식주점,(지번) 서초동 1600-9,5.0,1건,리뷰 4
255,일억조중국요리,중화요리,(지번) 서초동 1579-5,1.0,2건,리뷰 0
256,빚은 남부터미널역점,"떡,한과",(지번) 서초동 1443-2,0.0,0건,리뷰 0
257,교대시골밥상,한식,(지번) 서초동 1627-5,3.0,1건,리뷰 3
258,진오돌뼈,한정식,(지번) 서초동 1580-6,0.0,0건,리뷰 0
259,서초회관,설렁탕,(지번) 서초동 1451-42,2.5,2건,리뷰 0
260,참치현,일식집,(지번) 서초동 1601-1,0.0,0건,리뷰 2
261,권서방네순대국왕순대 남부터미널점,순대,(지번) 서초동 1603-68,3.0,9건,리뷰 2
262,브로앤시스,카페,(지번) 서초동 1445-13,5.0,1건,리뷰 0
263,치&강 남부터미널점,닭강정,(지번) 서초동 1446-1,0.0,0건,리뷰 2
264,생생포차,실내포장마차,(지번) 서초동 1451-16,4.3,3건,리뷰 1
265,바나프레소 교대사거리점,카페,(지번) 서초동 1598-1,0.0,0건,리뷰 0
266,돈바바,갈비,(지번) 서초동 1427-17,5.0,2건,리뷰 0
267,을지로골뱅이와 꼬까닥치킨 진짜생맥주 서초본점,"호프,요리주점",(지번) 서초동 1589-14,5.0,1건,리뷰 1
268,오사카동,"돈까스,우동",(지번) 서초동 1602-10,2.1,27건,리뷰 11
269,카페고도,카페,(지번) 서초동 1451-23,0.0,0건,리뷰 6
270,백암순대국,순대,(지번) 서초동 1431-10,0.0,0건,리뷰 0
271,바다풍경,회,(지번) 서초동 1431-10,0.0,0건,리뷰 1
272,미스터브리즈커피 남부터미널점,커피전문점,(지번) 서초동 1427-4,3.5,2건,리뷰 0
273,9카페,카페,(지번) 서초동 1443-13,5.0,2건,리뷰 1
274,베리언스,카페,(지번) 서초동 1434-12,0.0,0건,리뷰 0
275,라크레모사,아이스크림,(지번) 서초동 1605-9,3.0,2건,리뷰 5
276,라이언위스키 교대2호점,술집,(지번) 서초동 1588-2,0.0,0건,리뷰 0
277,브로드커피,커피전문점,(지번) 서초동 1602-8,5.0,1건,리뷰 1
278,가정식백반 남부촌,한식,(지번) 서초동 1451-27,0.0,0건,리뷰 1
279,퐁데자르,"제과,베이커리",(지번) 서초동 1455-8,5.0,3건,리뷰 1
280,본도시락 남부터미널점,도시락,(지번) 서초동 1603-1,0.0,0건,리뷰 3
281,커피스타카토,커피전문점,(지번) 서초동 1617-33,0.0,0건,리뷰 0
282,썸,음식점,(지번) 서초동 1564-2,0.0,0건,리뷰 0
283,충무식당,한식뷔페,(지번) 서초동 1445-3,0.0,0건,리뷰 1
284,그래놀라와 오슬로우,커피전문점,(지번) 서초동 1451-10,5.0,1건,리뷰 5
285,애견호텔,애견카페,(지번) 서초동 1603-66,0.0,0건,리뷰 0
286,꼬꼬막 서초점,한식,(지번) 서초동 1601-1,2.0,1건,리뷰 4
287,한국찹쌀순대,순대,(지번) 서초동 1599-2,4.5,2건,리뷰 1
288,서초복집,복어,(지번) 서초동 1427-4,0.0,0건,리뷰 0
289,먹마포차,실내포장마차,(지번) 서초동 1443-6,2.5,2건,리뷰 1
290,서해수산,회,(지번) 서초동 1588-11,3.0,1건,리뷰 1
291,바빈스커피 서초점,커피전문점,(지번) 서초동 1442-9,5.0,1건,리뷰 0
292,풀떼기,카페,(지번) 서초동 1596-6,3.3,3건,리뷰 2
293,전주콩나물해장국밥,국밥,,0.0,0건,리뷰 0
294,루엘드파리 아뜰리에,"제과,베이커리",(지번) 서초동 1445-13,0.0,0건,리뷰 7
295,보네르67,카페,(지번) 서초동 1442-9,0.0,0건,리뷰 3
296,배달삼겹돼지되지 서초점,삼겹살,(지번) 서초동 1627-5,0.0,0건,리뷰 1
297,앤티앤스프레즐 남부터미널점,"제과,베이커리",(지번) 서초동 1446-1,5.0,1건,리뷰 0
298,우리들손칼국수,국수,(지번) 서초동 1445-3,4.5,2건,리뷰 1
299,서초손칼국시보쌈 서초점,"족발,보쌈",(지번) 서초동 1603-68,5.0,1건,리뷰 1
300,서초정육식당,"육류,고기",(지번) 서초동 1601-1,0.0,0건,리뷰 1
301,울엄마김밥 서초본점,분식,(지번) 서초동 1428-13,4.0,2건,리뷰 0
302,스테프핫도그 남부터미널점,패스트푸드,(지번) 서초동 1446-1,0.0,0건,리뷰 0
303,멜슨하우스,카페,(지번) 서초동 1604-4,0.0,0건,리뷰 0
304,나래종합한식분식,한식,(지번) 서초동 1603-9,0.0,0건,리뷰 2
305,게장부페,뷔페,(지번) 서초동 1622-19,0.0,0건,리뷰 0
306,마포 돼지갈비생삼겹살,갈비,(지번) 서초동 1431-1,5.0,1건,리뷰 1
307,커피오도레,커피전문점,(지번) 서초3동 1580-6,3.0,2건,리뷰 2
308,페이드,카페,(지번) 서초동 1588-12,0.0,0건,리뷰 0
309,방배족발 서초점,"족발,보쌈",(지번) 서초동 1588-7,0.0,0건,리뷰 0
310,감나무참숯갈비 서초본점,갈비,(지번) 서초동 1623-3,5.0,1건,리뷰 2
311,명동할머니국수 남부터미널점,국수,(지번) 서초동 1445-4,3.6,5건,리뷰 3
312,우리동네청년어부서초점,일식,(지번) 서초동 1442-10,0.0,0건,리뷰 1
313,궁순대국생삼겹살,한식,(지번) 서초동 1430-10,3.0,3건,리뷰 0
314,국수마을,국수,(지번) 서초동 1432-24,3.4,5건,리뷰 0
315,우리집,한식,(지번) 서초동 1605-2,0.0,0건,리뷰 1
316,카페ASAP,카페,(지번) 서초동 1617-38,5.0,1건,리뷰 0
317,오미야,기사식당,(지번) 서초3동 1451-34,3.0,1건,리뷰 0
318,옛집큰손,한식,(지번) 서초동 1443-30,4.0,2건,리뷰 1
319,명인만두 남부터미널점,분식,(지번) 서초동 1601-1,1.7,4건,리뷰 0
320,벼리스타,카페,(지번) 서초동 1445-15,2.0,1건,리뷰 0
321,치킨뱅이 남부터미널점,"호프,요리주점",(지번) 서초동 1601-1,3.0,2건,리뷰 1
322,낭만쭈꾸미,"해물,생선",(지번) 서초동 1595-6,0.0,0건,리뷰 0
323,커피온리 남부터미널점,커피전문점,(지번) 서초동 1446-1,1.0,1건,리뷰 2
324,그린쿡한식뷔페&호프,"호프,요리주점",(지번) 서초동 1603-1,0.0,0건,리뷰 1
325,인정국물떡볶이,떡볶이,(지번) 서초동 1595-6,0.0,0건,리뷰 0
326,매화,중화요리,(지번) 서초1동 1442-10,2.5,6건,리뷰 5
327,끌레르,카페,(지번) 서초동 1438-16,5.0,1건,리뷰 0
328,카페녹색광선,카페,(지번) 서초동 1598-8,0.0,0건,리뷰 1
329,돌쇠고기,"육류,고기",(지번) 서초동 1586-3,0.0,0건,리뷰 0
330,단풍애김밥 남부터미널점,분식,(지번) 서초동 1443-17,5.0,2건,리뷰 2
331,사랑이네김밥,분식,(지번) 서초동 1443-1,1.0,1건,리뷰 0
332,소담 교대점,한식,(지번) 서초동 1624-3,0.0,0건,리뷰 2
333,왕솥뚜껑생삼겹살,한식,,0.0,0건,리뷰 0
334,더치앤빈 남부터미널점,커피전문점,(지번) 서초동 1444-21,0.0,0건,리뷰 0
335,떡의명가하늘채,"떡,한과",(지번) 서초동 1445-14,5.0,1건,리뷰 0
336,시골밥상,"족발,보쌈",(지번) 서초동 1428-5,3.0,1건,리뷰 0
337,교대오리삼겹살뷔페,고기뷔페,(지번) 서초동 1580-6,0.0,0건,리뷰 0
338,화평냉면지짐이,"호프,요리주점",(지번) 서초동 1603-69,4.0,3건,리뷰 1
339,만랩커피 남부터미널점,커피전문점,,0.0,0건,리뷰 0
340,센트로커피,카페,(지번) 서초동 1594-3,0.0,0건,리뷰 2
341,그릴드치즈,샌드위치,(지번) 서초1동 1621-1,0.0,0건,리뷰 0
342,착형,카페,(지번) 서초동 1445-3,3.5,2건,리뷰 3
343,소담화플라워카페,테마카페,(지번) 서초동 1456-3,0.0,0건,리뷰 0
344,강구항을지로골뱅이,"호프,요리주점",(지번) 서초동 1603-67,2.5,4건,리뷰 1
345,유황오리,오리,(지번) 서초동 1616-6,0.0,0건,리뷰 0
346,금잔디샵,"떡,한과",(지번) 서초동 1443-24,0.0,0건,리뷰 0
347,밀라노,술집,(지번) 서초동 1589-4,1.0,1건,리뷰 0
348,미셸푸드카페안젤로 서초평화지점,카페,(지번) 서초3동 1451-34,4.0,1건,리뷰 0
349,정선할매곤드레밥 교대점,한식,(지번) 서초동 1597-1,0.0,0건,리뷰 1
350,크림앤토마토,분식,(지번) 서초동 1445-3,4.6,5건,리뷰 11
351,경성찹쌀꽈배기,"제과,베이커리",(지번) 서초동 1600-11,0.0,0건,리뷰 0
352,장충동왕족발,"족발,보쌈",(지번) 서초동 1445-14,0.0,0건,리뷰 0
353,부뚜막,"육류,고기",(지번) 서초동 1589-2,3.0,2건,리뷰 0
354,클럽1d1m,카페,(지번) 서초동 1621-16,0.0,0건,리뷰 2
355,짱이야산곰장어,장어,(지번) 서초동 1578-5,0.0,0건,리뷰 0
356,뜨레봉뺑,"제과,베이커리",(지번) 서초동 1441-1,5.0,3건,리뷰 0
357,서초꽈배기,"제과,베이커리",(지번) 서초동 1603-66,0.0,0건,리뷰 2
358,삼미감자탕,감자탕,(지번) 서초동 1600-9,0.0,0건,리뷰 0
359,아워홈 게임빌서초점,한식,(지번) 서초동 1426-1,5.0,1건,리뷰 0
360,남부식당,한식,(지번) 서초동 1457-4,0.0,0건,리뷰 0
361,이조,한식,(지번) 서초동 1445-3,4.0,2건,리뷰 3
362,A1,칵테일바,(지번) 서초3동 1579-4,0.0,0건,리뷰 0
363,커피킹,카페,(지번) 서초동 1624-3,5.0,2건,리뷰 0
364,명동칼국수,국수,(지번) 서초동 1445-3,3.0,2건,리뷰 0
365,오즈룸,"제과,베이커리",(지번) 서초동 1439-4,0.0,0건,리뷰 0
366,서초마을&포차,실내포장마차,(지번) 서초동 1580-6,0.0,0건,리뷰 0
367,서초맛골집,한식,(지번) 서초동 1434-13,3.0,1건,리뷰 0
368,류,일본식주점,(지번) 서초동 1621-9,0.0,0건,리뷰 9
369,예술다방,카페,(지번) 서초동 1451-25,0.0,0건,리뷰 1
370,카페525,카페,(지번) 서초동 1458-10,4.0,4건,리뷰 1
371,마마푸드,한식,(지번) 서초동 1588-1,0.0,0건,리뷰 0
372,로빈스베이커리 남부터미널점,"제과,베이커리",(지번) 서초동 1443-17,0.0,0건,리뷰 5
373,홍연자명품김밥,분식,(지번) 서초동 1443-17,3.0,1건,리뷰 0
374,삿갓촌,"육류,고기",(지번) 서초동 1616-6,0.0,0건,리뷰 0
375,카페아리코,카페,(지번) 서초동 1445-3,0.0,0건,리뷰 0
376,청주본가,한식,(지번) 서초동 1428-3,0.0,0건,리뷰 0
377,막썰어횟집,회,(지번) 서초동 1431-10,0.0,0건,리뷰 0
378,오대양참치,참치회,(지번) 서초동 1578-5,0.0,0건,리뷰 0
379,뜨락,분식,(지번) 서초동 1445-3,0.0,0건,리뷰 0
380,지오,카페,(지번) 서초동 1624-1,0.0,0건,리뷰 0
381,올리브나무,카페,(지번) 서초동 1435-1,0.0,1건,리뷰 0
382,카페다임,커피전문점,(지번) 서초동 1628-62,0.0,0건,리뷰 1
383,서울남부터미널 구내식당,구내식당,(지번) 서초동 1446-1,0.0,0건,리뷰 1
384,외가집,한식,(지번) 서초동 1427-16,3.0,2건,리뷰 0
385,소소한펍,술집,(지번) 서초동 1598-1,5.0,1건,리뷰 0
386,마치래빗,패밀리레스토랑,(지번) 서초동 1579-5,0.0,0건,리뷰 0
387,더브라운베이커리 서초사무소,"제과,베이커리",(지번) 서초동 1603-68,0.0,0건,리뷰 0
388,명동치킨,치킨,(지번) 서초동 1600-11,4.0,1건,리뷰 1
389,전주성,중화요리,(지번) 서초동 1445-3,0.0,0건,리뷰 0
390,나인아울스,카페,(지번) 서초동 1443-28,5.0,1건,리뷰 1
391,도시락나라,도시락,(지번) 서초동 1627-6,0.0,0건,리뷰 0
392,카페인하비토모,카페,(지번) 서초동 1445-3,0.0,0건,리뷰 1
393,봄cafe2019,카페,(지번) 서초동 1621-1,0.0,0건,리뷰 0
394,참호도과자 남부터미널점,간식,(지번) 서초동 1446-1,5.0,1건,리뷰 0
395,카페아미아,카페,(지번) 서초동 1434-4,0.0,0건,리뷰 0
396,남부족발,"족발,보쌈",(지번) 서초동 1603-68,0.0,0건,리뷰 0
397,델리뉴스 현대슈퍼빌점,카페,(지번) 서초동 1446-11,0.0,0건,리뷰 0
398,밀크커피,카페,(지번) 서초동 1594-3,0.0,0건,리뷰 0
399,모모랑,카페,(지번) 서초동 1606-5,0.0,0건,리뷰 0
400,카페일레븐,커피전문점,(지번) 서초동 1589-12,0.0,0건,리뷰 0
401,한가람,"찌개,전골",(지번) 서초동 1445-3,0.0,0건,리뷰 4
402,하타다,커피전문점,(지번) 서초동 1443-1,4.5,2건,리뷰 0
403,킹콩분식 남부터미널점,분식,(지번) 서초동 1458-2,0.0,0건,리뷰 1
404,홈푸드,한식,(지번) 서초동 1443-30,5.0,1건,리뷰 0
405,옥향의집,"육류,고기",(지번) 서초동 1586-2,4.0,1건,리뷰 0
406,드렁크829,술집,(지번) 서초동 1588-8,0.0,0건,리뷰 1
407,통닭가 서초점,치킨,(지번) 서초동 1603-66,0.0,0건,리뷰 1
408,수도시락,도시락,(지번) 서초동 1603-10,0.0,0건,리뷰 0
409,춘원산오리,오리,(지번) 서초동 1603-66,0.0,0건,리뷰 0
410,블링블링 서초1호점,아이스크림,(지번) 서초동 1440-1,0.0,0건,리뷰 0
411,이리오리,한식,(지번) 서초동 1603-68,0.0,0건,리뷰 0
412,콩사랑,한식,(지번) 서초동 1599-2,1.0,3건,리뷰 2
413,콩이몽이카페,카페,(지번) 서초동 1605-1,0.0,0건,리뷰 0
414,모짜르트클럽,카페,(지번) 서초동 1438-7,0.0,0건,리뷰 0
415,뉴욕핫도그앤커피 양재남부터미널점,패스트푸드,(지번) 서초동 1446-1,0.0,0건,리뷰 0
416,바른고기파는사람들 서초점,"육류,고기",(지번) 서초동 1443-23,0.0,0건,리뷰 0
417,커피콩36.5도씨,커피전문점,(지번) 서초동 1445-4,0.0,0건,리뷰 0
418,나트랑,동남아음식,(지번) 서초동 1603-1,0.0,0건,리뷰 0
419,와사라 예당점,일식,(지번) 서초동 1458-6,0.0,0건,리뷰 2
420,한방숯불바베큐,치킨,(지번) 서초동 1603-68,0.0,0건,리뷰 0
421,살몬드비프,"스테이크,립",(지번) 서초동 1597-1,1.5,2건,리뷰 0
422,숙카페,커피전문점,(지번) 서초동 1429-8,0.0,0건,리뷰 0
423,옹심이네,한식,(지번) 서초동 1445-3,0.0,0건,리뷰 1
424,상하이,중화요리,(지번) 서초3동 1586-2,0.0,0건,리뷰 0
425,우이령,한식,(지번) 서초동 1600-9,0.0,0건,리뷰 0
426,SM카페,"호프,요리주점",(지번) 서초동 1588-13,0.0,0건,리뷰 0
427,카페티타임,카페,(지번) 서초동 1589-4,0.0,0건,리뷰 0
428,향촌식당,한식,(지번) 서초동 1449-8,0.0,0건,리뷰 0
429,족삼리,한식,(지번) 서초동 1595-6,0.0,0건,리뷰 0
430,제이스비스트로,이탈리안,(지번) 서초동 1600,0.0,0건,리뷰 0
431,페이드커피바,와인바,(지번) 서초동 1588-12,0.0,0건,리뷰 0
432,스위트가든,카페,(지번) 서초동 1451-23,0.0,0건,리뷰 0
433,오뎅사께 서초점,오뎅바,(지번) 서초동 1601-1,0.0,0건,리뷰 0
434,고향밥상,한식,(지번) 서초동 1440-1,1.0,1건,리뷰 1
435,내추럴커피 서초점,커피전문점,(지번) 서초동 1589-12,0.0,0건,리뷰 0
436,더브라이언스,카페,(지번) 서초동 1623-3,5.0,1건,리뷰 28
437,아미고,칵테일바,(지번) 서초동 1586-1,0.0,0건,리뷰 0
438,퓨전포차,실내포장마차,(지번) 서초동 1443-34,0.0,0건,리뷰 0
439,사랑채,한식,(지번) 서초3동 1598-3,0.0,0건,리뷰 0
440,서초동 그집,실내포장마차,(지번) 서초동 1588-7,0.0,0건,리뷰 0
441,뷔폐식백반,한식,(지번) 서초동 1445-3,0.0,0건,리뷰 0
442,카페더머그,커피전문점,(지번) 서초동 1589-10,1.0,1건,리뷰 0
443,위스키글렌,술집,(지번) 서초동 1598-2,0.0,0건,리뷰 0
444,자매가정식백반집,한식,(지번) 서초동 1443-30,0.0,0건,리뷰 0
445,클로리스홀,뷔페,(지번) 서초동 1445-4,2.0,1건,리뷰 0
446,아여수 서리풀점,한식,(지번) 서초동 1451-16,4.5,2건,리뷰 0
447,지유명차 교대점,전통찻집,(지번) 서초동 1620-4,0.0,0건,리뷰 2
448,하림,"육류,고기",(지번) 서초동 1589-14,0.0,0건,리뷰 0
449,정우푸드,음식점,(지번) 서초동 1606-5,0.0,0건,리뷰 0
450,회무로,회,(지번) 서초동 1443-30,0.0,0건,리뷰 0
451,바다밥상온스테이지,일식집,(지번) 서초동 1458-3,5.0,2건,리뷰 1
452,맛고을,한식,(지번) 서초동 1621-5,5.0,3건,리뷰 1
453,블루비노,양식,(지번) 서초동 1459-8,3.0,1건,리뷰 0
454,카페파울리,카페,(지번) 서초동 1429-8,0.0,0건,리뷰 0
455,꼬꾸이 서일점,치킨,(지번) 서초동 1442-19,0.0,0건,리뷰 1
456,열라쭈꾸미 서초점,"해물,생선",(지번) 서초동 1443-34,0.0,0건,리뷰 0
457,소소야마켓,간식,(지번) 서초동 1624-4,0.0,0건,리뷰 0
458,샌드프레소 JW타워점,샌드위치,(지번) 서초동 1424-2,0.0,0건,리뷰 0
459,시애틀,피자,(지번) 서초동 1588-1,0.0,0건,리뷰 0
460,씨앤필코리아,음식점,(지번) 서초동 1445-13,0.0,0건,리뷰 0
461,호로록국수,국수,(지번) 서초동 1446-1,1.0,1건,리뷰 2
462,안동장,중화요리,(지번) 서초동 1579-5,0.0,0건,리뷰 0
463,아지트,술집,(지번) 서초동 1564-2,0.0,0건,리뷰 1
464,예담,한식,(지번) 서초동 1586-2,0.0,0건,리뷰 0
465,휴,카페,(지번) 서초동 1600-9,0.0,0건,리뷰 0
466,카페마메,카페,(지번) 서초동 1603-69,0.0,0건,리뷰 0
467,몽돌바당,일식,,0.0,0건,리뷰 0
468,밀밭,국밥,(지번) 서초1동 1445-3,0.0,0건,리뷰 0
469,백년불고기,한식,(지번) 서초동 1601-2,0.0,0건,리뷰 0
470,소울&그루브,"호프,요리주점",(지번) 서초동 1586-2,0.0,0건,리뷰 0
471,전문가,한식,(지번) 서초동 1586-6,0.0,0건,리뷰 0
472,카페인 세종&세종부동산,카페,(지번) 서초동 1599-2,0.0,0건,리뷰 0
473,대청마루,한식,(지번) 서초동 1597-3,0.0,0건,리뷰 0
474,맛있는뷔페,뷔페,(지번) 서초동 1445-3,0.0,0건,리뷰 0
475,맨발의 청춘,음식점,(지번) 서초동 1588-7,0.0,0건,리뷰 0
476,서초 명가 버섯매운탕,음식점,(지번) 서초동 1451-29,0.0,0건,리뷰 0
477,코바 서초점,한식,(지번) 서초동 1443-5,0.0,0건,리뷰 0
478,(주)씨에스종합개발,커피전문점,(지번) 서초동 1598-3,0.0,0건,리뷰 0
479,화과방 서울영업소,간식,(지번) 서초동 1431-13,0.0,0건,리뷰 0
480,다미,한식,(지번) 서초동 1598-3,0.0,0건,리뷰 0
481,보네스뻬 남부터미널점,"제과,베이커리",(지번) 서초동 1445-3,0.0,0건,리뷰 0
482,이오포장마차,실내포장마차,(지번) 서초동 1593-7,0.0,0건,리뷰 0
483,홍C,"호프,요리주점",(지번) 서초동 1602-1,0.0,0건,리뷰 0
484,범수사,일식집,(지번) 서초동 1601-1,0.0,0건,리뷰 0
485,프로보노,한식,(지번) 서초동 1445-3,0.0,0건,리뷰 0
486,비바체,술집,(지번) 서초동 1624-3,0.0,0건,리뷰 0
487,딱밥,퓨전한식,(지번) 서초동 1603-68,0.0,0건,리뷰 0
488,파티데이즈,해산물,(지번) 서초동 1442-5,0.0,0건,리뷰 0
489,하동녹차앤LS,전통찻집,(지번) 서초동 1624-12,0.0,0건,리뷰 0
490,맥스웰하우스,커피전문점,(지번) 서초동 1446-1,0.0,0건,리뷰 0
491,드리옹 17,퓨전한식,(지번) 서초동 1440-1,0.0,0건,리뷰 1
492,만랩커피,커피전문점,(지번) 서초동 1446-11,0.0,0건,리뷰 0
493,구띠에델리,카페,(지번) 서초동 1445-3,0.0,0건,리뷰 0
494,아이콘,술집,(지번) 서초동 1603-69,0.0,0건,리뷰 0
495,송쉐프 서초점,중화요리,(지번) 서초동 1431-14,0.0,0건,리뷰 0
496,오키드,술집,(지번) 서초동 1579-7,0.0,0건,리뷰 0
497,아이비,카페,(지번) 서초동 1600-9,0.0,0건,리뷰 0
498,1992꿀꽈배기 서초점,"제과,베이커리",(지번) 서초동 1588-2,0.0,0건,리뷰 1
499,바지락,"호프,요리주점",(지번) 서초동 1605-1,0.0,0건,리뷰 0
500,카페박마담,카페,(지번) 서초동 1445-3,0.0,0건,리뷰 0
501,치킨톡,치킨,(지번) 서초동 1603-68,0.0,0건,리뷰 0
502,미담,한식,(지번) 서초동 1595-2,0.0,0건,리뷰 0
503,오케이해물떡집,"해물,생선",(지번) 서초동 1604-1,0.0,0건,리뷰 0
504,돈우리,"육류,고기",(지번) 서초동 1432-23,0.0,0건,리뷰 0
505,마노,카페,(지번) 서초1동 1426-2,0.0,0건,리뷰 0
506,칼디하우스 서초점,카페,(지번) 서초동 1444-21,0.0,0건,리뷰 0
507,수제돈까스오카,양식,(지번) 서초동 1445-3,1.0,2건,리뷰 0
508,더까페,카페,(지번) 서초동 1579-6,0.0,0건,리뷰 0
509,하이들 서초본점,분식,(지번) 서초동 1622-6,2.0,1건,리뷰 0
510,남매부대찌개,"찌개,전골",(지번) 서초동 1580-6,0.0,0건,리뷰 0
511,몽치네,한식,(지번) 서초동 1445-3,1.0,3건,리뷰 1
512,곳간하임,한식,(지번) 서초동 1624-3,0.0,0건,리뷰 0
513,해물왕짬뽕,중화요리,(지번) 서초동 1431-9,0.0,0건,리뷰 0
514,장인의맛,한식,(지번) 서초동 1458-6,0.0,0건,리뷰 0
