,name,address,score,score_cnt,review_cnt
0,블루보틀 성수점,(지번) 성수동1가 656-302,2.8,85건,리뷰 635
1,할아버지공장,(지번) 성수동2가 309-133,3.0,27건,리뷰 257
2,차,(지번) 성수동1가 685-408,2.6,28건,리뷰 120
3,어니언,(지번) 성수동2가 277-135,3.4,140건,"리뷰 1,257"
4,대림창고,(지번) 성수동2가 322-32,3.3,143건,리뷰 601
5,어반소스,(지번) 성수동2가 301-16,3.6,36건,리뷰 605
6,센터커피 서울숲점,(지번) 성수동1가 685-478,3.6,27건,리뷰 255
7,바이산,(지번) 성수동2가 322-32,3.1,33건,리뷰 329
8,오르에르,(지번) 성수동1가 16-39,3.4,63건,리뷰 325
9,우디집,(지번) 성수동1가 311,3.9,7건,리뷰 192
10,멜로워 성수플래그쉽,(지번) 성수동2가 333-94,3.8,27건,리뷰 392
11,카멜 성수점,(지번) 성수동2가 570-1,3.6,35건,리뷰 383
12,카페성수,(지번) 성수동1가 668-30,3.3,39건,리뷰 187
13,자그마치,(지번) 성수동2가 317-12,3.2,71건,리뷰 319
14,아르코커피,(지번) 성수동2가 314-2,2.3,4건,리뷰 36
15,메쉬커피,(지번) 성수동1가 685-307,4.1,40건,리뷰 58
16,EERT,(지번) 성수동1가 685-417,2.6,23건,리뷰 125
17,도렐 육지3호점,(지번) 성수동2가 314-12,2.6,18건,리뷰 153
18,카페포제,(지번) 성수동2가 315-41,3.5,29건,리뷰 124
19,훔볼트,(지번) 성수동2가 325-17,3.7,27건,리뷰 324
20,로우커피스탠드,(지번) 성수동1가 8-16,4.0,26건,리뷰 107
21,모멘토브루어스,(지번) 성수동1가 685-325,4.4,29건,리뷰 72
22,카페앤아더,(지번) 성수동1가 668-104,2.4,27건,리뷰 246
23,카페봇,(지번) 성수동2가 277-135,3.1,8건,리뷰 73
24,맛차차,(지번) 성수동1가 685-450,2.4,18건,리뷰 118
25,후식당,(지번) 성수동1가 656-1661,2.7,19건,리뷰 143
26,그레이트커피,(지번) 성수동1가 685-324,3.5,32건,리뷰 219
27,온화 성수점,(지번) 성수동2가 302-4,3.0,10건,리뷰 95
28,카페소소하게,(지번) 성수동1가 104,3.4,21건,리뷰 155
29,시너리,(지번) 성수동1가 656-435,3.3,9건,리뷰 124
30,카페코튼,(지번) 성수동2가 279-39,4.5,6건,리뷰 77
31,넥스트에디션 건대2호점,(지번) 자양동 17-5,4.0,2건,리뷰 123
32,카페 스밍 스튜디오,(지번) 성수동1가 656-253,5.0,2건,리뷰 6
33,체다앤올리,(지번) 성수동1가 685-696,3.2,18건,리뷰 251
34,큐브엔터테인먼트 20스페이스,(지번) 성수동2가 300-11,4.2,6건,리뷰 25
35,글로우,(지번) 성수동2가 277-24,3.1,17건,리뷰 227
36,묘사서울,(지번) 성수동1가 685-486,3.6,19건,리뷰 94
37,SAISA,(지번) 성수동1가 656-1004,3.3,12건,리뷰 112
38,하루앤원데이,(지번) 성수동2가 314-5,4.6,7건,리뷰 38
39,로우키,(지번) 성수동2가 302-16,4.5,27건,리뷰 90
40,카페오롯,(지번) 성수동1가 13-428,3.9,10건,리뷰 151
41,푸르너스가든 서울숲점,(지번) 성수동1가 668-109,3.5,13건,리뷰 33
42,크림라벨,(지번) 성수동1가 13-65,5.0,1건,리뷰 62
43,호스팅하우스,(지번) 성수동2가 339-137,3.6,8건,리뷰 62
44,에롤파,(지번) 성수동1가 219-2,3.6,7건,리뷰 73
45,마를리,(지번) 성수동2가 315-55,3.1,9건,리뷰 119
46,치카치카,(지번) 성수동2가 512,4.5,12건,리뷰 117
47,안티크코코 건대점,(지번) 자양동 9-4,1.9,7건,리뷰 219
48,슈퍼말차 성수,(지번) 성수동1가 668-9,3.8,5건,리뷰 54
49,카페호이 자양점,(지번) 자양동 6-38,3.5,11건,리뷰 105
50,엘리펀트,(지번) 자양동 250-10,4.2,5건,리뷰 122
51,리도엘리펀트,(지번) 성수동2가 333-97,4.4,18건,리뷰 137
52,엑스케이프,(지번) 화양동 50-2,3.0,1건,리뷰 58
53,천상가옥,(지번) 성수동2가 322-4,2.6,8건,리뷰 176
54,빌로우 성수점,(지번) 성수동1가 668-90,3.4,10건,리뷰 61
55,카페라잌유,(지번) 성수동1가 656-1017,4.5,8건,리뷰 100
56,스타벅스 성수역점,(지번) 성수동2가 317-20,3.8,6건,리뷰 22
57,메종프랭크,(지번) 성수동1가 22-25,4.0,5건,리뷰 27
58,히어로보드게임카페,(지번) 화양동 7-4,2.5,10건,리뷰 50
59,사진창고,(지번) 성수동2가 309-59,3.2,13건,리뷰 49
60,설빙 건대직영2호점,(지번) 자양동 7-6,2.9,17건,리뷰 102
61,커피식탁,(지번) 성수동1가 656-1096,3.8,13건,리뷰 117
62,솔버 건대1호점,(지번) 화양동 49-11,0.0,0건,리뷰 55
63,피어커피 성수,(지번) 성수동2가 299-39,4.0,18건,리뷰 66
64,플레이즈라운지,(지번) 성수동1가 685-696,3.0,1건,리뷰 201
65,스타벅스 뚝섬역점,(지번) 성수동1가 14-33,2.1,10건,리뷰 9
66,브리너,(지번) 성수동1가 685-704,3.9,15건,리뷰 82
67,마크69,(지번) 성수동1가 685-350,1.8,6건,리뷰 22
68,때가이르매 성수,(지번) 성수동1가 656-548,5.0,2건,리뷰 48
69,카페타치,(지번) 성수동1가 668-101,5.0,5건,리뷰 91
70,월서울,(지번) 성수동2가 309-149,0.0,0건,리뷰 17
71,플랜브이,(지번) 성수동1가 72-15,5.0,5건,리뷰 19
72,홍콩다방 건대점,(지번) 화양동 33-3,3.3,6건,리뷰 61
73,하루노유키,(지번) 성수동1가 685-428,3.7,14건,리뷰 106
74,모리티아,(지번) 성수동2가 284-63,4.5,2건,리뷰 272
75,프라이데이무브먼트,(지번) 성수동1가 656-1766,4.3,6건,리뷰 38
76,케익다방,(지번) 자양동 7-22,4.0,1건,리뷰 48
77,푸울파티,(지번) 성수동2가 328-15,4.7,3건,리뷰 24
78,더메이즈 건대점,(지번) 자양동 10-1,5.0,4건,리뷰 81
79,매머드커피 서울숲점,(지번) 성수동1가 661-3,5.0,4건,리뷰 8
80,OUDO,(지번) 성수동1가 16-4,4.3,4건,리뷰 34
81,쉐어디테이블,(지번) 성수동2가 315-55,3.6,18건,리뷰 272
82,주식커피코시나,(지번) 성수동1가 13-202,3.0,8건,리뷰 73
83,투썸플레이스 성수SKV타워점,(지번) 성수동2가 315-95,5.0,1건,리뷰 6
84,커피오스,(지번) 성수동2가 333-72,4.7,25건,리뷰 130
85,아꼬떼뒤파르크,(지번) 성수동1가 685-477,3.3,12건,리뷰 79
86,와플대학 건대캠퍼스,(지번) 화양동 47-5,3.1,7건,리뷰 18
87,헬로,(지번) 화양동 20-25,4.7,3건,리뷰 31
88,파머스카페,(지번) 성수동1가 656-1083,4.1,9건,리뷰 13
89,쩐주단 건대점,(지번) 화양동 9-90,3.7,3건,리뷰 28
90,스타벅스 서울숲역점,(지번) 성수동1가 656-335,3.0,1건,리뷰 6
91,RSG,(지번) 성수동2가 273-13,5.0,5건,리뷰 1
92,업사이드 뚝섬점,(지번) 성수동1가 7-8,5.0,2건,리뷰 28
93,위커파크 성수점,(지번) 성수동2가 301-3,5.0,1건,리뷰 21
94,머더파커 건대점,(지번) 화양동 48-3,3.5,2건,리뷰 21
95,인덱스카라멜,(지번) 성수동2가 322-4,2.5,2건,리뷰 68
96,디아더빈스,(지번) 성수동1가 656-3,3.2,9건,리뷰 20
97,이스케이프플랜,(지번) 화양동 48-23,1.6,10건,리뷰 39
98,컨템포,(지번) 성수동2가 301-72,3.4,5건,리뷰 32
99,카페에이크,(지번) 성수동2가 317-5,3.3,3건,리뷰 111
100,앵무새루이스,(지번) 성수동2가 346-2,0.0,0건,리뷰 20
101,어라운드독,(지번) 성수동1가 685-483,2.7,3건,리뷰 29
102,브루잉세레모니,(지번) 성수동2가 315-27,4.8,10건,리뷰 30
103,레스빠스 성수점,(지번) 성수동1가 16-3,1.0,1건,리뷰 36
104,리브릭,(지번) 성수동2가 269-146,5.0,2건,리뷰 15
105,비썸,(지번) 성수동1가 72-71,4.0,1건,리뷰 8
106,케이이스케이프,(지번) 화양동 21-23,3.4,5건,리뷰 63
107,비엔나커피하우스 서울숲역점,(지번) 성수동1가 656-447,4.0,1건,리뷰 17
108,휘스커,(지번) 성수동2가 299-136,4.8,5건,리뷰 21
109,알비,(지번) 성수동1가 685-493,3.0,1건,리뷰 2
110,언커먼그라운드,(지번) 성수동2가 317-4,4.8,5건,리뷰 9
111,림벅와플 건대CGV점,(지번) 자양동 9-4,4.2,6건,리뷰 62
112,산도카페,(지번) 성수동1가 668-138,5.0,2건,리뷰 31
113,반지만들기카페 건대점,(지번) 자양동 7-13,4.0,8건,리뷰 73
114,하트앤애로우,(지번) 성수동1가 668-49,3.2,10건,리뷰 56
115,커피오스서울숲,(지번) 성수동1가 656-59,0.0,0건,리뷰 39
116,영스데이,(지번) 성수동2가 336-48,5.0,1건,리뷰 2
117,미어캣족장,(지번) 자양동 9-31,3.2,9건,리뷰 57
118,iooo,(지번) 성수동2가 275-54,0.0,0건,리뷰 1
119,엑스크라임 건대점,(지번) 화양동 9-47,0.0,0건,리뷰 30
120,아이오쓰리,(지번) 성수동2가 275-54,0.0,0건,리뷰 5
121,꽃다방,(지번) 자양동 547-64,5.0,1건,리뷰 46
122,송정커피,(지번) 송정동 73-971,3.0,1건,리뷰 7
123,오브코하우스,(지번) 성수동1가 668-8,5.0,3건,리뷰 19
124,무드랩,(지번) 성수동1가 685-254,2.7,6건,리뷰 16
125,공차 건대로데오점,(지번) 자양동 5-71,1.7,7건,리뷰 3
126,만랩커피 성수점,(지번) 성수동2가 277-37,5.0,2건,리뷰 2
127,에젤커피,(지번) 성수동2가 289-8,2.5,8건,리뷰 41
128,코드네임블랙 건대점,(지번) 자양동 8-1,3.7,6건,리뷰 41
129,더리터 성수동카페거리점,(지번) 성수동2가 325-15,0.0,0건,리뷰 0
130,5TO7,(지번) 성수동1가 668,3.9,7건,리뷰 32
131,이디야커피 서울숲역점,(지번) 성수동1가 656-1123,3.0,7건,리뷰 7
132,해피니스디저트 건대점,(지번) 자양동 848-2,3.9,9건,리뷰 15
133,바나프레소 건대역점,(지번) 화양동 7-4,2.0,1건,리뷰 2
134,블랙빈스,(지번) 응봉동 228-20,3.6,5건,리뷰 5
135,카페도르,(지번) 성수동2가 275-75,0.0,0건,리뷰 2
136,플디,(지번) 성수동1가 13-156,4.0,9건,리뷰 31
137,띵킹커피,(지번) 화양동 9-44,3.0,24건,리뷰 15
138,카페36.5도 성수본점,(지번) 성수동2가 310-64,4.5,2건,리뷰 21
139,아마스빈 건대입구역점,(지번) 자양동 7-30,2.7,10건,리뷰 12
140,이월로스터스 성수점,(지번) 성수동1가 668-123,3.3,3건,리뷰 19
141,포이렛,(지번) 성수동1가 13-439,3.5,2건,리뷰 16
142,가뜨머차,(지번) 성수동2가 300-4,5.0,1건,리뷰 2
143,예빈당,(지번) 성수동2가 315-7,1.8,5건,리뷰 29
144,매머드커피 성수2호점,(지번) 성수동2가 339-160,3.0,1건,리뷰 1
145,마스터키 건대점,(지번) 자양동 24-2,2.3,4건,리뷰 63
146,이디야커피 건대로데오점,(지번) 자양동 8-22,2.2,5건,리뷰 6
147,허니룸,(지번) 화양동 48-25,0.0,0건,리뷰 16
148,마운틴커피,(지번) 성수동1가 656-1158,4.0,2건,리뷰 17
149,모두막 건대점,(지번) 자양동 10-35,3.2,5건,리뷰 27
150,성수빈티지,(지번) 성수동1가 668-136,0.0,0건,리뷰 15
151,빽다방 건대역화양점,(지번) 화양동 47-6,2.0,2건,리뷰 8
152,스타벅스 성수이마트점,(지번) 성수동2가 333-16,4.0,9건,리뷰 4
153,콘레드커피 건대1호점,(지번) 자양동 7-9,3.0,2건,리뷰 8
154,이디야커피 뚝섬역점,(지번) 성수동1가 14-1,4.0,3건,리뷰 3
155,샤츠인젤,(지번) 자양동 4-23,5.0,3건,리뷰 3
156,유어네임히얼,(지번) 성수동1가 685-509,1.0,1건,리뷰 12
157,빽다방 건대로데오점,(지번) 자양동 8-1,4.5,2건,리뷰 9
158,카페구구,(지번) 화양동 18-12,0.0,0건,리뷰 44
159,루디먼트,(지번) 성수동2가 289-75,4.3,3건,리뷰 24
160,베러 로스팅랩&쇼룸,(지번) 성수동1가 656-671,5.0,1건,리뷰 7
161,공차 서울숲점,(지번) 성수동1가 661-2,3.7,3건,리뷰 1
162,블리스저니,(지번) 성수동1가 668-51,3.2,9건,리뷰 26
163,앳모스피어,(지번) 성수동2가 277-114,0.0,0건,리뷰 5
164,빽다방 서울숲역점,(지번) 성수동1가 656-565,3.2,5건,리뷰 9
165,티핀,(지번) 성수동1가 658-1,4.5,13건,리뷰 17
166,바나나트리 성수점,(지번) 성수동1가 685-315,0.0,0건,리뷰 11
167,이디야커피 성수중앙점,(지번) 성수동2가 315-74,0.0,0건,리뷰 0
168,이디야커피 건대역점,(지번) 화양동 7-3,2.3,8건,리뷰 4
169,카페드라이,(지번) 자양동 8-27,3.6,9건,리뷰 93
170,북카페초록,(지번) 성수동1가 668-32,4.5,2건,리뷰 10
171,비엔나커피하우스성수점,(지번) 성수동2가 325-2,4.0,1건,리뷰 4
172,그레이스톤,(지번) 성수동2가 333-140,4.0,9건,리뷰 56
173,라비옹,(지번) 성수동1가 656-292,4.0,1건,리뷰 18
174,파스쿠찌 서울숲점,(지번) 성수동1가 14-19,2.5,6건,리뷰 4
175,디스커버커피엔루엘드본노엘,(지번) 성수동1가 13-110,5.0,2건,리뷰 6
176,카페마놀린 뚝섬점,(지번) 성수동1가 8-37,3.3,3건,리뷰 3
177,슈퍼오아시스 성수역점,(지번) 성수동2가 273-15,0.0,0건,리뷰 60
178,카페제제,(지번) 성수동2가 301-66,4.0,1건,리뷰 27
179,달롤 서울숲점,(지번) 성수동1가 668-49,0.0,0건,리뷰 26
180,카페베네 건대2호점,(지번) 화양동 48-5,2.6,6건,리뷰 3
181,솔버 2호점,(지번) 화양동 48-4,5.0,1건,리뷰 8
182,떼루와 성수점,(지번) 성수동1가 13-155,4.3,3건,리뷰 4
183,스위트룸,(지번) 화양동 47-73,3.0,4건,리뷰 10
184,오설록아모레성수,(지번) 성수동2가 277,0.0,0건,리뷰 1
185,이디야커피 성수아카데미점,(지번) 성수동2가 277-17,0.0,0건,리뷰 2
186,매머드커피 성수점,(지번) 성수동2가 277-117,0.0,0건,리뷰 2
187,커피코코,(지번) 성수동2가 278-35,5.0,1건,리뷰 1
188,뿐또블루,(지번) 성수동2가 19-7,5.0,1건,리뷰 0
189,감성커피,(지번) 자양동 9-31,1.0,2건,리뷰 2
190,가비당,(지번) 성수동1가 13-248,5.0,1건,리뷰 17
191,프롬하츠커피 성수점,(지번) 성수동1가 656-365,4.5,2건,리뷰 4
192,라이트레인,(지번) 자양동 17-1,3.0,1건,리뷰 124
193,르호봇프로젝트,(지번) 성수동1가 293,4.5,4건,리뷰 10
194,헤이보울,(지번) 성수동2가 321-70,0.0,0건,리뷰 12
195,카모플라쥬,(지번) 성수동1가 656-703,5.0,1건,리뷰 7
196,마가지노,(지번) 성수동2가 339-137,4.0,3건,리뷰 8
197,포레스트,(지번) 성수동1가 656-1028,5.0,1건,리뷰 5
198,화이트캐슬 건대점,(지번) 화양동 9-91,4.3,4건,리뷰 11
199,에스티디오,(지번) 성수동1가 685-259,3.4,5건,리뷰 5
200,카페리빈 갤러리아포레점,(지번) 성수동1가 685-696,0.0,0건,리뷰 9
201,아마스빈 뚝섬역점,(지번) 성수동1가 14-19,2.0,4건,리뷰 6
202,바풍슬라임카페,(지번) 화양동 42-21,5.0,1건,리뷰 3
203,카페레가토,(지번) 화양동 31-3,4.2,5건,리뷰 15
204,조프리케이크,(지번) 성수동1가 198-2,3.0,2건,리뷰 4
205,#무궁화,(지번) 자양동 24-1,4.0,2건,리뷰 28
206,더리터 성수역점,(지번) 성수동2가 289-26,3.0,1건,리뷰 4
207,빽다방 성수역롯데캐슬점,(지번) 성수동2가 289-10,3.4,5건,리뷰 2
208,베리베리,(지번) 성수동1가 685-491,0.0,0건,리뷰 11
209,달콤커피 성수트러스톤점,(지번) 성수동1가 656-505,1.0,1건,리뷰 0
210,백야드빌더 성수점,(지번) 성수동1가 656-609,0.0,0건,리뷰 2
211,카페817,(지번) 성수동2가 273-67,0.0,0건,리뷰 7
212,카나비스트릿,(지번) 성수동1가 656-947,4.0,2건,리뷰 4
213,투썸플레이스 건대입구CGV점,(지번) 자양동 9-4,0.0,0건,리뷰 0
214,육하나이,(지번) 성수동2가 299-231,4.0,3건,리뷰 9
215,더치앤빈 성수점,(지번) 성수동2가 339-136,4.0,1건,리뷰 0
216,카페코이,(지번) 성수동1가 685-350,0.0,0건,리뷰 11
217,오설록 티하우스 아모레성수점,(지번) 성수동2가 277-52,4.0,1건,리뷰 6
218,열매제과점,(지번) 화양동 36-60,5.0,2건,리뷰 16
219,킨들샵,(지번) 성수동2가 289-305,0.0,0건,리뷰 0
220,과일파는덕이언니,(지번) 성수동1가 16-8,2.0,4건,리뷰 6
221,디열커피 성수,(지번) 성수동1가 72-8,0.0,0건,리뷰 7
222,어페어커피,(지번) 성수동2가 559-4,3.0,1건,리뷰 11
223,터치카페 서울숲점,(지번) 성수동1가 668-34,5.0,1건,리뷰 16
224,원모어바이트,(지번) 성수동2가 289-204,2.5,2건,리뷰 6
225,카페쉼,(지번) 화양동 21-20,4.3,4건,리뷰 15
226,락립배 건대점,(지번) 화양동 7-3,4.0,1건,리뷰 7
227,더퓨러 건대CGV점,(지번) 자양동 9-4,5.0,4건,리뷰 32
228,이디야커피 성수2가점,(지번) 성수동2가 561-1,0.0,0건,리뷰 0
229,공차 성수성원점,(지번) 성수동2가 333-16,3.0,5건,리뷰 1
230,로스트체리,(지번) 자양동 6-31,0.0,0건,리뷰 5
231,오늘성수맑음,(지번) 성수동2가 333-140,5.0,1건,리뷰 5
232,세가프레도 뚝섬A타워점,(지번) 성수동1가 656-1747,0.0,0건,리뷰 9
233,코이케이,(지번) 성수동1가 656-574,4.0,1건,리뷰 4
234,카페더어썸,(지번) 성수동1가 656-766,4.0,6건,리뷰 19
235,탐앤탐스 성수1호점,(지번) 성수동2가 325-2,3.0,1건,리뷰 2
236,카페라니,(지번) 성수동2가 316,5.0,4건,리뷰 1
237,머스트컴,(지번) 성수동1가 656-1229,0.0,0건,리뷰 8
238,수피하우스,(지번) 성수동2가 320-5,3.0,2건,리뷰 6
239,칸토,(지번) 성수동1가 16-40,5.0,1건,리뷰 6
240,컴포즈커피 성수역점,(지번) 성수동2가 314-6,0.0,0건,리뷰 3
241,무가당 서울숲점,(지번) 성수동1가 685-704,0.0,0건,리뷰 5
242,성수동더블랙,(지번) 성수동1가 656-1043,4.0,5건,리뷰 8
243,앨리스앤코,(지번) 성수동2가 315-41,4.0,1건,리뷰 35
244,순이,(지번) 송정동 71-12,0.0,0건,리뷰 3
245,아리스타커피 서울숲점,(지번) 성수동2가 321-16,4.3,3건,리뷰 0
246,요거프레소 서울숲1호점,(지번) 성수동1가 612,5.0,1건,리뷰 0
247,카페마빈 건대점,(지번) 화양동 42-16,0.0,0건,리뷰 3
248,커피에반하다 성수동점,(지번) 성수동2가 280-21,0.0,0건,리뷰 0
249,카페라샤워,(지번) 성수동2가 277-37,0.0,0건,리뷰 0
250,카페오라,(지번) 성수동1가 656-1122,5.0,1건,리뷰 0
251,카머스,(지번) 성수동2가 320-5,5.0,1건,리뷰 15
252,쥬씨 뚝섬역점,(지번) 성수동1가 715,2.5,6건,리뷰 3
253,플래닝샐러드,(지번) 성수동1가 685-696,3.0,2건,리뷰 8
254,커피볶는집낙타 본점,(지번) 성수동1가 13-304,4.7,6건,리뷰 3
255,언니커피,(지번) 성수동2가 532-8,0.0,0건,리뷰 1
256,플로리다 랑군,(지번) 성수동2가 273-13,5.0,1건,리뷰 21
257,이디야커피 성수우리W타워점,(지번) 성수동2가 277-28,4.0,2건,리뷰 0
258,수프앤베이글카페 성동점,(지번) 송정동 66-259,5.0,1건,리뷰 1
259,카페어게인,(지번) 성수동1가 27-3,5.0,1건,리뷰 4
260,카페바치,(지번) 자양동 9-31,4.0,1건,리뷰 11
261,쿤스트테이블,(지번) 성수동2가 333-140,3.0,5건,리뷰 8
262,비앤에스,(지번) 성수동1가 656-603,5.0,3건,리뷰 0
263,카페시벳 성수본점,(지번) 성수동2가 284-42,3.4,8건,리뷰 2
264,생활커피 건대로데오점,(지번) 자양동 9-31,0.0,0건,리뷰 12
265,커피체리,(지번) 성수동2가 277-118,5.0,1건,리뷰 3
266,카페자스 성수점,(지번) 성수동2가 281-17,0.0,0건,리뷰 3
267,이오커피로스터스,(지번) 성수동1가 656-570,5.0,3건,리뷰 1
268,카페랏102,(지번) 성수동1가 72-112,0.0,0건,리뷰 11
269,우탄41,(지번) 성수동1가 668-62,5.0,4건,리뷰 5
270,영춘커피바,(지번) 성수동1가 22-8,0.0,0건,리뷰 2
271,에포프로덕트,(지번) 성수동1가 685-415,5.0,2건,리뷰 2
272,나인테일,(지번) 성수동1가 685-501,5.0,4건,리뷰 3
273,카페수다,(지번) 성수동2가 289-230,4.3,3건,리뷰 2
274,성수동리얼로스팅커피 성수점,(지번) 성수동2가 277-129,5.0,1건,리뷰 0
275,카페더램프,(지번) 성수동2가 289-39,1.0,1건,리뷰 2
276,곰미커피,(지번) 성수동1가 668-41,0.0,0건,리뷰 5
277,새촌131,(지번) 성수동1가 656-131,4.3,3건,리뷰 4
278,토프레소 성수역점,(지번) 성수동2가 315-58,3.3,3건,리뷰 1
279,오즈카페,(지번) 성수동1가 685-704,0.0,0건,리뷰 8
280,카페노니다,(지번) 화양동 31-1,5.0,2건,리뷰 1
281,모헤닉스테이313,(지번) 성수동2가 309-141,5.0,1건,리뷰 2
282,쥬씨 건대역점,(지번) 자양동 9-31,0.0,0건,리뷰 0
283,낙원도,(지번) 성수동2가 328-30,4.0,2건,리뷰 8
284,거닐다가머물다 본점,(지번) 화양동 23-28,3.3,7건,리뷰 1
285,에이치위드,(지번) 성수동2가 323,0.0,0건,리뷰 3
286,블랙별,(지번) 성수동2가 284-22,0.0,0건,리뷰 5
287,커피베이 성동성수점,(지번) 성수동2가 333-15,3.5,2건,리뷰 0
288,언더스탠드,(지번) 성수동2가 273-61,0.0,0건,리뷰 1
289,한강커피숍,(지번) 성수동2가 246-13,0.0,0건,리뷰 0
290,김종욱커피,(지번) 성수동1가 13-116,4.0,6건,리뷰 8
291,매머드익스프레스 성수우림점,(지번) 성수동2가 280-21,0.0,0건,리뷰 0
292,힐스커피,(지번) 성수동1가 8-31,5.0,2건,리뷰 3
293,파노라마,(지번) 성수동2가 275-52,3.0,1건,리뷰 12
294,카페온화 성수점,(지번) 성수동2가 302-4,0.0,0건,리뷰 7
295,라푸르타,(지번) 화양동 32-4,3.8,6건,리뷰 8
296,카페디또,(지번) 성수동2가 328-13,5.0,1건,리뷰 13
297,넥스트에디션 건대점,(지번) 자양동 17-5,0.0,0건,리뷰 4
298,온더코너,(지번) 화양동 44-1,0.0,1건,리뷰 0
299,커피온리 성수역점,(지번) 성수동2가 315-31,2.0,1건,리뷰 2
300,돌체돌체,(지번) 성수동2가 320-1,0.0,0건,리뷰 4
301,카페데플뢰르 성수본점,(지번) 성수동1가 479-1,5.0,2건,리뷰 1
302,힘이나커피,(지번) 성수동2가 289-321,0.0,0건,리뷰 12
303,커피에반하다 건대입구점,(지번) 화양동 48-21,0.0,0건,리뷰 2
304,크롭커피,(지번) 성수동2가 309-148,0.0,0건,리뷰 0
305,삼옥,(지번) 성수동2가 289-272,3.0,2건,리뷰 1
306,홈우드커피,(지번) 성수동1가 16-9,2.0,1건,리뷰 0
307,점프업,(지번) 성수동1가 31-35,0.0,0건,리뷰 0
308,헬로헬씨,(지번) 성수동2가 284-44,5.0,1건,리뷰 3
309,커피봄봄,(지번) 성수동1가 14-18,0.0,0건,리뷰 0
310,309디저트카페,(지번) 성수동2가 309-144,0.0,0건,리뷰 10
311,카페 아모렘,(지번) 성수동2가 299-200,5.0,2건,리뷰 2
312,커피베이 성수세종타워점,(지번) 성수동2가 284-62,0.0,0건,리뷰 1
313,메이크,(지번) 성수동2가 284-53,0.0,0건,리뷰 3
314,팔공티 성수점,(지번) 성수동2가 315-31,0.0,0건,리뷰 0
315,우무커피,(지번) 성수동1가 656-1683,0.0,0건,리뷰 0
316,시티보울,(지번) 성수동2가 273-13,4.0,2건,리뷰 9
317,ILND,(지번) 성수동1가 685-437,4.3,3건,리뷰 2
318,스텀필즈커피 성수점,(지번) 성수동2가 289-319,4.8,16건,리뷰 0
319,마르코웤스,(지번) 성수동2가 278-17,4.5,2건,리뷰 18
320,야한생두,(지번) 성수동1가 72-71,5.0,3건,리뷰 0
321,bot,(지번) 성수동2가 277-135,0.0,0건,리뷰 5
322,펀토리하우스 서울숲 메가박스점,(지번) 성수동1가 656-335,0.0,0건,리뷰 1
323,셀렉토커피 서울숲IT캐슬점,(지번) 성수동1가 671-6,5.0,1건,리뷰 1
324,커피타조,(지번) 성수동2가 281,5.0,2건,리뷰 1
325,포레인커피,(지번) 성수동1가 685-696,1.0,2건,리뷰 4
326,쥬씨 성수점,(지번) 성수동2가 289-15,1.0,1건,리뷰 2
327,광명다방,(지번) 성수동2가 281-30,0.0,0건,리뷰 0
328,엘카페,(지번) 성수동1가 656,1.0,1건,리뷰 0
329,초원다방,(지번) 성수동2가 350,0.0,0건,리뷰 0
330,커피셔틀디저트 성수점,(지번) 성수동2가 289-96,0.0,0건,리뷰 2
331,베이크드아를르,(지번) 성수동1가 656-613,0.0,0건,리뷰 1
332,커피나무,(지번) 성수동1가 16-3,4.0,2건,리뷰 0
333,그랑블루,(지번) 성수동2가 301-28,4.0,1건,리뷰 1
334,아띠그린,(지번) 성수동2가 339-4,0.0,0건,리뷰 1
335,커피에반하다,(지번) 화양동 48,0.0,0건,리뷰 0
336,쉘위,(지번) 성수동1가 668-68,0.0,0건,리뷰 3
337,8과2분의1,(지번) 성수동2가 316-73,3.0,2건,리뷰 0
338,원투커피 성수직영점,(지번) 성수동2가 279-53,3.3,3건,리뷰 1
339,소적두 성수점,(지번) 성수동1가 13-316,0.0,0건,리뷰 0
340,경동커피숖,(지번) 성수동2가 339-103,0.0,0건,리뷰 0
341,존맛,(지번) 성수동1가 13-189,0.0,0건,리뷰 16
342,루프탑카페 연무장,(지번) 성수동2가 310-63,0.0,0건,리뷰 4
343,목로다방,(지번) 성수동2가 269-113,0.0,0건,리뷰 4
344,아이파베스 건대2호점,(지번) 화양동 49-11,0.0,0건,리뷰 2
345,더스탠다드,(지번) 성수동1가 276-27,3.3,3건,리뷰 0
346,히즈빈스커피 성수점,(지번) 성수동1가 656-1212,0.0,0건,리뷰 2
347,돌체돌체,(지번) 성수동2가 320-1,0.0,0건,리뷰 8
348,피트어패트,(지번) 성수동1가 656-1042,0.0,0건,리뷰 0
349,몽,(지번) 성수동2가 315-95,0.0,0건,리뷰 2
350,카페포레스트,(지번) 성수동2가 280-25,5.0,1건,리뷰 0
351,린다비스타,(지번) 성수동2가 256-3,0.0,0건,리뷰 7
352,그림책카페,(지번) 성수동1가 72-71,0.0,0건,리뷰 0
353,진궁다방,(지번) 성수동2가 316-27,0.0,0건,리뷰 0
354,샌드커피 논탄토,(지번) 성수동1가 16-25,0.0,0건,리뷰 0
355,원앤식스,(지번) 성수2가1동 235-1,4.0,2건,리뷰 0
356,휘카페 성수점,(지번) 성수동2가 320-1,5.0,1건,리뷰 0
357,얌커피로스터스,(지번) 자양동 24-19,0.0,0건,리뷰 1
358,시옷구독커피,(지번) 성수동2가 278-8,5.0,1건,리뷰 0
359,웨일즈커피 메가박스 성수점,(지번) 성수동1가 656,1.0,1건,리뷰 7
360,선아커피,(지번) 송정동 67-16,0.0,0건,리뷰 0
361,마담커피,(지번) 자양동 6-41,5.0,1건,리뷰 3
362,그레이박스,(지번) 성수동2가 277-101,0.0,0건,리뷰 2
363,우주만화,(지번) 자양동 17-5,0.0,0건,리뷰 5
364,브링커피 성수점,(지번) 성수동2가 19-14,3.5,2건,리뷰 0
365,서울에스프레소,(지번) 성수동1가 656-465,0.0,0건,리뷰 0
366,유니스토리,(지번) 성수동2가 231-1,0.0,0건,리뷰 6
367,룹,(지번) 성수동1가 22-28,0.0,0건,리뷰 1
368,알렛츠,(지번) 성수동1가 13-3,3.0,1건,리뷰 11
369,ONE BEAN 1호점,(지번) 성수동2가 310-21,4.0,2건,리뷰 1
370,얌커피로스터스,(지번) 성수동2가 279-50,0.0,0건,리뷰 0
371,티라레미수 건대역점,(지번) 화양동 7-3,5.0,3건,리뷰 0
372,CM카페,(지번) 성수동1가 13-17,0.0,0건,리뷰 0
373,에잇어클락,(지번) 성수동2가 299-241,0.0,0건,리뷰 2
374,카페월지,(지번) 성수동1가 36-7,0.0,0건,리뷰 1
375,PSB,(지번) 성수동1가 685-217,0.0,0건,리뷰 5
376,타미하우스,(지번) 성수동1가 656-439,0.0,0건,리뷰 3
377,마이빈,(지번) 성수동2가 277-37,5.0,4건,리뷰 0
378,가을라이브카페,(지번) 성수동2가 317-3,0.0,0건,리뷰 0
379,도토르,(지번) 성수동2가 280-21,4.0,2건,리뷰 2
380,카페656 성수본점,(지번) 성수동1가 656-1141,0.0,0건,리뷰 0
381,성수동커피,(지번) 성수동2가 320-1,4.5,2건,리뷰 0
382,옹근달,(지번) 성수동2가 333-52,1.0,2건,리뷰 9
383,카페서울숲,(지번) 성수동1가 685-704,5.0,1건,리뷰 1
384,키키앤리,(지번) 자양동 238-3,0.0,0건,리뷰 3
385,엘씨포유,(지번) 성수동2가 316-5,0.0,0건,리뷰 1
386,앙골로에스프레소,(지번) 성수동2가 328-7,0.0,0건,리뷰 1
387,더카페 서울숲SKV1점,(지번) 성수동2가 284-55,0.0,0건,리뷰 0
388,샌프란시스코커피,(지번) 성수동1가 656-1053,0.0,0건,리뷰 1
389,카페핑퐁,(지번) 성수동2가 322-19,0.0,0건,리뷰 7
390,투달러스커피,(지번) 성수동2가 279-46,3.3,4건,리뷰 0
391,어반하우스,(지번) 성수동1가 8-29,0.0,0건,리뷰 1
392,컴포즈커피 성수점,(지번) 성수동1가 9-11,0.0,0건,리뷰 0
393,썬즈,(지번) 성수동2가 281-30,0.0,0건,리뷰 1
394,카페조에,(지번) 성수동2가 277-50,0.0,0건,리뷰 0
395,에그마카슈 성수,(지번) 성수동1가 13-309,0.0,0건,리뷰 3
396,pitapat,(지번) 성수동1가 685-489,5.0,1건,리뷰 1
397,커매닉 성수역점,(지번) 성수2가3동 314-6,5.0,1건,리뷰 0
398,밥먹고뭐할래,(지번) 성수동2가 339-137,5.0,2건,리뷰 4
399,카페H,(지번) 자양4동 8-30,3.5,2건,리뷰 1
400,커피101스트리트 성수점,(지번) 성수동1가 685-400,0.0,0건,리뷰 1
401,유니온커피마켓,(지번) 성수동1가 685-317,0.0,0건,리뷰 0
402,매니페스트,(지번) 성수동2가 277-43,0.0,0건,리뷰 1
403,호림,(지번) 화양동 20-19,0.0,0건,리뷰 0
404,커피한잔,(지번) 성수동1가 656-1222,0.0,0건,리뷰 0
405,나따오비까 아이파베스커피 건대2호점,(지번) 화양동 49-11,0.0,0건,리뷰 0
406,카페리빈성수점,(지번) 성수동2가 277-61,0.0,0건,리뷰 0
407,카페일로,(지번) 성수동1가 13-440,4.0,1건,리뷰 3
408,기어쓰리,(지번) 성수동2가 271-20,0.0,0건,리뷰 0
409,카페베네행사,(지번) 성수동1가 656-1572,0.0,0건,리뷰 0
410,문스페이스스타,(지번) 성수동1가 685-457,0.0,0건,리뷰 1
411,컵인더스튜디오,(지번) 화양동 46-42,5.0,2건,리뷰 0
412,카페아트,(지번) 성수동1가 656-323,5.0,1건,리뷰 0
413,르헤브드베베,(지번) 성수동2가 333-52,4.0,1건,리뷰 0
414,아자부 본사,(지번) 성수동2가 338-12,0.0,0건,리뷰 0
415,복식커피,(지번) 성수동1가 656-244,5.0,4건,리뷰 4
416,프레소티 건대점,(지번) 자양동 8-22,0.0,0건,리뷰 5
417,왕다방,(지번) 성수동2가 280-46,3.0,1건,리뷰 0
418,커피온리 뚝섬역점,(지번) 성수동1가 14-39,0.0,0건,리뷰 0
419,정팥죽,(지번) 성수동2가 565-16,0.0,0건,리뷰 1
420,연무장,(지번) 성수동2가 310-63,0.0,0건,리뷰 1
421,어니스트커피,(지번) 성수동2가 499,4.5,2건,리뷰 0
422,제다움심리상담카페,(지번) 성수동1가 656-127,0.0,0건,리뷰 0
423,차타임,(지번) 자양동 8-8,0.0,0건,리뷰 0
424,카페컴온 성수점,(지번) 성수동2가 289-10,0.0,0건,리뷰 0
425,보두코리아,(지번) 성수동1가 25-2,0.0,0건,리뷰 0
426,카페스팟 뚝섬점,(지번) 성수동2가 284-55,0.0,0건,리뷰 0
427,묘사,(지번) 성수동1가 685,0.0,0건,리뷰 0
428,차얌 성수역점,(지번) 성수동2가 289-15,0.0,0건,리뷰 0
429,치유,(지번) 성수동1가 16-2,0.0,0건,리뷰 0
430,옹기종기북카페,(지번) 성수동2가 333-134,0.0,0건,리뷰 0
431,카페페를,(지번) 성수동2가 299-220,0.0,0건,리뷰 1
432,원빈커피숍 2호점,(지번) 성수동2가 280-45,0.0,0건,리뷰 0
433,지호커피숍,(지번) 자양동 845-11,0.0,0건,리뷰 0
434,커피림,(지번) 송정동 66,5.0,2건,리뷰 0
435,7080라이브딴따라,(지번) 성수동2가 300-87,0.0,0건,리뷰 0
436,옐로우페탈커피,(지번) 화양동 23-41,0.0,0건,리뷰 4
437,티몬스,(지번) 성수동1가 706,0.0,0건,리뷰 3
438,카페beanlosophyroasters,(지번) 성수동2가 299-144,0.0,0건,리뷰 0
439,미스파파,(지번) 성수동2가 336-27,0.0,0건,리뷰 0
440,쉬어가는페이지,(지번) 성수동2가 277-61,3.0,1건,리뷰 0
441,더사이랩스,(지번) 성수동1가 668-25,0.0,0건,리뷰 0
442,조양커피호프,(지번) 자양동 11-1,0.0,0건,리뷰 0
443,씨드니,(지번) 성수동2가 331-200,5.0,1건,리뷰 0
444,카페50,(지번) 자양동 10-44,0.0,0건,리뷰 0
445,카페웨이브&델리 성수점,(지번) 성수2가1동 320-1,3.0,1건,리뷰 0
446,마젠타,(지번) 성수동2가 310-55,5.0,1건,리뷰 0
447,인코시벳 14호점,(지번) 성수동2가 278-27,0.0,0건,리뷰 0
448,조명빨,(지번) 성수동1가 16-26,0.0,0건,리뷰 0
449,카페성덕정길,(지번) 성수동2가 345-9,0.0,0건,리뷰 0
450,하우스커피+sth,(지번) 성수동1가 13-450,0.0,0건,리뷰 0
451,CAFE BLANK,(지번) 성수동2가 271-22,0.0,0건,리뷰 0
452,뉴트로커피,(지번) 성수동2가 299,0.0,0건,리뷰 0
453,카페오아시아 동부여성발전센터점,(지번) 자양동 9-13,0.0,0건,리뷰 2
454,빈하모니커피 성수점,(지번) 성수동2가 280-13,0.0,0건,리뷰 0
455,진지함,(지번) 성수동1가 668-97,0.0,0건,리뷰 2
456,희연 에스프레소,(지번) 성수동2가 281-14,0.0,0건,리뷰 0
457,토프레소 성수우림점,(지번) 성수동2가 280-21,0.0,0건,리뷰 0
458,8 1/2,(지번) 성수동2가 316-73,0.0,0건,리뷰 1
459,카페오리진3호점,(지번) 성수동2가 269-25,0.0,0건,리뷰 0
460,성수다방,(지번) 성수동2가 323,0.0,0건,리뷰 0
461,7080라이브카페,(지번) 성수동2가 532-8,0.0,0건,리뷰 0
462,푸어,(지번) 성수동2가 565-16,0.0,0건,리뷰 1
463,카페트레블,(지번) 성수동2가 299-241,0.0,0건,리뷰 0
464,아람커피숍,(지번) 성수동1가 16-22,0.0,0건,리뷰 0
465,맛을그리다,(지번) 성수동2가 315-9,0.0,0건,리뷰 1
466,땅뜨,(지번) 성수동1가 685-491,0.0,0건,리뷰 0
467,목화다방,(지번) 성수동2가 275-6,0.0,0건,리뷰 0
468,쥬스식스 뚝섬역점,(지번) 성수동1가 13-164,3.0,2건,리뷰 0
469,앨리,(지번) 송정동 66-49,5.0,1건,리뷰 0
470,그린트리,(지번) 성수동2가 308-4,5.0,1건,리뷰 0
471,레스오디너리,(지번) 성수동1가 656-544,0.0,0건,리뷰 1
472,포스트디커피한잔,(지번) 성수동1가 656-1222,5.0,1건,리뷰 0
473,씨제이푸드빌,(지번) 성수동2가 277-175,0.0,0건,리뷰 0
474,셀렉토커피 성수하이엔드씨티점,(지번) 성수동2가 269-25,0.0,0건,리뷰 0
475,작업실B,(지번) 성수동1가 13-129,0.0,0건,리뷰 0
476,카페체인지,(지번) 자양동 250-21,5.0,1건,리뷰 0
477,아크밸리서비스,(지번) 성수동2가 277-43,0.0,0건,리뷰 0
478,오리진,(지번) 송정동 67-16,0.0,0건,리뷰 0
479,퍼펙트커피,(지번) 성수동2가 299-95,0.0,0건,리뷰 0
480,올리빈카페,(지번) 성수동2가 289-205,0.0,0건,리뷰 0
481,팩토리카페,(지번) 성수동2가 271-7,0.0,0건,리뷰 1
482,카페빌,(지번) 성수동2가 320-1,0.0,0건,리뷰 0
483,라움홀딩스 코퍼레이션,(지번) 성수동2가 279-46,0.0,0건,리뷰 0
484,코지카페,,0.0,0건,리뷰 0
485,이벤트123 건대점,(지번) 화양동 7-3,0.0,0건,리뷰 1
486,미래사주카페 건대점,(지번) 화양동 9-37,0.0,0건,리뷰 0
487,커피라이크,(지번) 성수동2가 277,0.0,0건,리뷰 0
488,제이엠,(지번) 성수동1가 13-189,0.0,0건,리뷰 0
489,트라미아,(지번) 성수동2가 315-32,0.0,0건,리뷰 0
490,cafeJoe,(지번) 성수동2가 277-50,0.0,0건,리뷰 0
491,코코버블티 건대입구점,(지번) 자양동 8-22,0.0,0건,리뷰 1
492,양복점커피,(지번) 성수동1가 668-96,5.0,2건,리뷰 0
493,주렝,(지번) 성수동2가 325-15,0.0,0건,리뷰 0
494,오블리크카페,(지번) 성수동1가 656-766,0.0,0건,리뷰 0
495,스태그,(지번) 성수동2가 275-40,0.0,0건,리뷰 0
496,쥬스픽,(지번) 성수동1가 656-936,0.0,0건,리뷰 0
497,에밀리아카페 성수점,(지번) 성수동2가 278-27,0.0,0건,리뷰 0
498,크로스빈,(지번) 성수동1가 13-117,0.0,0건,리뷰 0
499,큐토스침니,(지번) 화양동 33-30,5.0,3건,리뷰 0
500,스태그,(지번) 성수동2가 275-40,0.0,0건,리뷰 0
501,쥬스픽,(지번) 성수동1가 656-936,0.0,0건,리뷰 0
502,에밀리아카페 성수점,(지번) 성수동2가 278-27,0.0,0건,리뷰 0
503,크로스빈,(지번) 성수동1가 13-117,0.0,0건,리뷰 0
504,큐토스침니,(지번) 화양동 33-30,5.0,3건,리뷰 0
